frame,time_s,n_people,n_pairs,max_score,top_i,top_j
0,0.0,0,0,0.0,-1,-1
1,0.0333,0,0,0.0,-1,-1
2,0.0667,0,0,0.0,-1,-1
3,0.1,0,0,0.0,-1,-1
4,0.1333,0,0,0.0,-1,-1
5,0.1667,0,0,0.0,-1,-1
6,0.2,0,0,0.0,-1,-1
7,0.2333,0,0,0.0,-1,-1
8,0.2667,0,0,0.0,-1,-1
9,0.3,0,0,0.0,-1,-1
10,0.3333,0,0,0.0,-1,-1
11,0.3667,0,0,0.0,-1,-1
12,0.4,0,0,0.0,-1,-1
13,0.4333,0,0,0.0,-1,-1
14,0.4667,0,0,0.0,-1,-1
15,0.5,0,0,0.0,-1,-1
16,0.5333,0,0,0.0,-1,-1
17,0.5667,0,0,0.0,-1,-1
18,0.6,0,0,0.0,-1,-1
19,0.6333,0,0,0.0,-1,-1
20,0.6667,0,0,0.0,-1,-1
21,0.7,0,0,0.0,-1,-1
22,0.7333,0,0,0.0,-1,-1
23,0.7667,0,0,0.0,-1,-1
24,0.8,0,0,0.0,-1,-1
25,0.8333,0,0,0.0,-1,-1
26,0.8667,0,0,0.0,-1,-1
27,0.9,0,0,0.0,-1,-1
28,0.9333,0,0,0.0,-1,-1
29,0.9667,0,0,0.0,-1,-1
30,1.0,0,0,0.0,-1,-1
31,1.0333,0,0,0.0,-1,-1
32,1.0667,0,0,0.0,-1,-1
33,1.1,0,0,0.0,-1,-1
34,1.1333,0,0,0.0,-1,-1
35,1.1667,0,0,0.0,-1,-1
36,1.2,0,0,0.0,-1,-1
37,1.2333,0,0,0.0,-1,-1
38,1.2667,0,0,0.0,-1,-1
39,1.3,0,0,0.0,-1,-1
40,1.3333,0,0,0.0,-1,-1
41,1.3667,0,0,0.0,-1,-1
42,1.4,0,0,0.0,-1,-1
43,1.4333,0,0,0.0,-1,-1
44,1.4667,0,0,0.0,-1,-1
45,1.5,0,0,0.0,-1,-1
46,1.5333,0,0,0.0,-1,-1
47,1.5667,0,0,0.0,-1,-1
48,1.6,0,0,0.0,-1,-1
49,1.6333,0,0,0.0,-1,-1
50,1.6667,0,0,0.0,-1,-1
51,1.7,0,0,0.0,-1,-1
52,1.7333,0,0,0.0,-1,-1
53,1.7667,0,0,0.0,-1,-1
54,1.8,0,0,0.0,-1,-1
55,1.8333,0,0,0.0,-1,-1
56,1.8667,0,0,0.0,-1,-1
57,1.9,0,0,0.0,-1,-1
58,1.9333,0,0,0.0,-1,-1
59,1.9667,0,0,0.0,-1,-1
60,2.0,0,0,0.0,-1,-1
61,2.0333,0,0,0.0,-1,-1
62,2.0667,0,0,0.0,-1,-1
63,2.1,0,0,0.0,-1,-1
64,2.1333,0,0,0.0,-1,-1
65,2.1667,0,0,0.0,-1,-1
66,2.2,0,0,0.0,-1,-1
67,2.2333,0,0,0.0,-1,-1
68,2.2667,0,0,0.0,-1,-1
69,2.3,0,0,0.0,-1,-1
70,2.3333,0,0,0.0,-1,-1
71,2.3667,0,0,0.0,-1,-1
72,2.4,0,0,0.0,-1,-1
73,2.4333,0,0,0.0,-1,-1
74,2.4667,0,0,0.0,-1,-1
75,2.5,0,0,0.0,-1,-1
76,2.5333,0,0,0.0,-1,-1
77,2.5667,0,0,0.0,-1,-1
78,2.6,0,0,0.0,-1,-1
79,2.6333,0,0,0.0,-1,-1
80,2.6667,0,0,0.0,-1,-1
81,2.7,0,0,0.0,-1,-1
82,2.7333,0,0,0.0,-1,-1
83,2.7667,0,0,0.0,-1,-1
84,2.8,0,0,0.0,-1,-1
85,2.8333,0,0,0.0,-1,-1
86,2.8667,0,0,0.0,-1,-1
87,2.9,0,0,0.0,-1,-1
88,2.9333,0,0,0.0,-1,-1
89,2.9667,0,0,0.0,-1,-1
90,3.0,0,0,0.0,-1,-1
91,3.0333,0,0,0.0,-1,-1
92,3.0667,0,0,0.0,-1,-1
93,3.1,0,0,0.0,-1,-1
94,3.1333,0,0,0.0,-1,-1
95,3.1667,0,0,0.0,-1,-1
96,3.2,0,0,0.0,-1,-1
97,3.2333,0,0,0.0,-1,-1
98,3.2667,0,0,0.0,-1,-1
99,3.3,0,0,0.0,-1,-1
100,3.3333,0,0,0.0,-1,-1
101,3.3667,0,0,0.0,-1,-1
102,3.4,0,0,0.0,-1,-1
103,3.4333,0,0,0.0,-1,-1
104,3.4667,0,0,0.0,-1,-1
105,3.5,0,0,0.0,-1,-1
106,3.5333,0,0,0.0,-1,-1
107,3.5667,0,0,0.0,-1,-1
108,3.6,0,0,0.0,-1,-1
109,3.6333,0,0,0.0,-1,-1
110,3.6667,0,0,0.0,-1,-1
111,3.7,0,0,0.0,-1,-1
112,3.7333,0,0,0.0,-1,-1
113,3.7667,0,0,0.0,-1,-1
114,3.8,0,0,0.0,-1,-1
115,3.8333,0,0,0.0,-1,-1
116,3.8667,0,0,0.0,-1,-1
117,3.9,0,0,0.0,-1,-1
118,3.9333,0,0,0.0,-1,-1
119,3.9667,0,0,0.0,-1,-1
120,4.0,0,0,0.0,-1,-1
121,4.0333,0,0,0.0,-1,-1
122,4.0667,0,0,0.0,-1,-1
123,4.1,0,0,0.0,-1,-1
124,4.1333,0,0,0.0,-1,-1
125,4.1667,0,0,0.0,-1,-1
126,4.2,0,0,0.0,-1,-1
127,4.2333,0,0,0.0,-1,-1
128,4.2667,0,0,0.0,-1,-1
129,4.3,0,0,0.0,-1,-1
130,4.3333,0,0,0.0,-1,-1
131,4.3667,0,0,0.0,-1,-1
132,4.4,0,0,0.0,-1,-1
133,4.4333,0,0,0.0,-1,-1
134,4.4667,0,0,0.0,-1,-1
135,4.5,0,0,0.0,-1,-1
136,4.5333,0,0,0.0,-1,-1
137,4.5667,0,0,0.0,-1,-1
138,4.6,0,0,0.0,-1,-1
139,4.6333,0,0,0.0,-1,-1
140,4.6667,0,0,0.0,-1,-1
141,4.7,0,0,0.0,-1,-1
142,4.7333,0,0,0.0,-1,-1
143,4.7667,0,0,0.0,-1,-1
144,4.8,0,0,0.0,-1,-1
145,4.8333,0,0,0.0,-1,-1
146,4.8667,0,0,0.0,-1,-1
147,4.9,0,0,0.0,-1,-1
148,4.9333,0,0,0.0,-1,-1
149,4.9667,0,0,0.0,-1,-1
150,5.0,0,0,0.0,-1,-1
151,5.0333,0,0,0.0,-1,-1
152,5.0667,0,0,0.0,-1,-1
153,5.1,0,0,0.0,-1,-1
154,5.1333,0,0,0.0,-1,-1
155,5.1667,0,0,0.0,-1,-1
156,5.2,0,0,0.0,-1,-1
157,5.2333,0,0,0.0,-1,-1
158,5.2667,0,0,0.0,-1,-1
159,5.3,0,0,0.0,-1,-1
160,5.3333,0,0,0.0,-1,-1
161,5.3667,0,0,0.0,-1,-1
162,5.4,0,0,0.0,-1,-1
163,5.4333,0,0,0.0,-1,-1
164,5.4667,0,0,0.0,-1,-1
165,5.5,0,0,0.0,-1,-1
166,5.5333,0,0,0.0,-1,-1
167,5.5667,0,0,0.0,-1,-1
168,5.6,0,0,0.0,-1,-1
169,5.6333,0,0,0.0,-1,-1
170,5.6667,0,0,0.0,-1,-1
171,5.7,0,0,0.0,-1,-1
172,5.7333,0,0,0.0,-1,-1
173,5.7667,0,0,0.0,-1,-1
174,5.8,0,0,0.0,-1,-1
175,5.8333,0,0,0.0,-1,-1
176,5.8667,0,0,0.0,-1,-1
177,5.9,0,0,0.0,-1,-1
178,5.9333,0,0,0.0,-1,-1
179,5.9667,0,0,0.0,-1,-1
180,6.0,0,0,0.0,-1,-1
181,6.0333,0,0,0.0,-1,-1
182,6.0667,0,0,0.0,-1,-1
183,6.1,0,0,0.0,-1,-1
184,6.1333,0,0,0.0,-1,-1
185,6.1667,0,0,0.0,-1,-1
186,6.2,0,0,0.0,-1,-1
187,6.2333,0,0,0.0,-1,-1
188,6.2667,0,0,0.0,-1,-1
189,6.3,0,0,0.0,-1,-1
190,6.3333,0,0,0.0,-1,-1
191,6.3667,0,0,0.0,-1,-1
192,6.4,0,0,0.0,-1,-1
193,6.4333,0,0,0.0,-1,-1
194,6.4667,0,0,0.0,-1,-1
195,6.5,0,0,0.0,-1,-1
196,6.5333,0,0,0.0,-1,-1
197,6.5667,0,0,0.0,-1,-1
198,6.6,0,0,0.0,-1,-1
199,6.6333,0,0,0.0,-1,-1
200,6.6667,0,0,0.0,-1,-1
201,6.7,0,0,0.0,-1,-1
202,6.7333,0,0,0.0,-1,-1
203,6.7667,0,0,0.0,-1,-1
204,6.8,0,0,0.0,-1,-1
205,6.8333,0,0,0.0,-1,-1
206,6.8667,0,0,0.0,-1,-1
207,6.9,0,0,0.0,-1,-1
208,6.9333,0,0,0.0,-1,-1
209,6.9667,0,0,0.0,-1,-1
210,7.0,0,0,0.0,-1,-1
211,7.0333,0,0,0.0,-1,-1
212,7.0667,0,0,0.0,-1,-1
213,7.1,0,0,0.0,-1,-1
214,7.1333,0,0,0.0,-1,-1
215,7.1667,0,0,0.0,-1,-1
216,7.2,0,0,0.0,-1,-1
217,7.2333,0,0,0.0,-1,-1
218,7.2667,0,0,0.0,-1,-1
219,7.3,0,0,0.0,-1,-1
220,7.3333,0,0,0.0,-1,-1
221,7.3667,0,0,0.0,-1,-1
222,7.4,0,0,0.0,-1,-1
223,7.4333,0,0,0.0,-1,-1
224,7.4667,0,0,0.0,-1,-1
225,7.5,0,0,0.0,-1,-1
226,7.5333,0,0,0.0,-1,-1
227,7.5667,0,0,0.0,-1,-1
228,7.6,0,0,0.0,-1,-1
229,7.6333,0,0,0.0,-1,-1
230,7.6667,0,0,0.0,-1,-1
231,7.7,0,0,0.0,-1,-1
232,7.7333,0,0,0.0,-1,-1
233,7.7667,0,0,0.0,-1,-1
234,7.8,0,0,0.0,-1,-1
235,7.8333,0,0,0.0,-1,-1
236,7.8667,1,0,0.0,-1,-1
237,7.9,1,0,0.0,-1,-1
238,7.9333,1,0,0.0,-1,-1
239,7.9667,1,0,0.0,-1,-1
240,8.0,1,0,0.0,-1,-1
241,8.0333,1,0,0.0,-1,-1
242,8.0667,1,0,0.0,-1,-1
243,8.1,1,0,0.0,-1,-1
244,8.1333,1,0,0.0,-1,-1
245,8.1667,1,0,0.0,-1,-1
246,8.2,1,0,0.0,-1,-1
247,8.2333,1,0,0.0,-1,-1
248,8.2667,1,0,0.0,-1,-1
249,8.3,1,0,0.0,-1,-1
250,8.3333,1,0,0.0,-1,-1
251,8.3667,1,0,0.0,-1,-1
252,8.4,1,0,0.0,-1,-1
253,8.4333,1,0,0.0,-1,-1
254,8.4667,1,0,0.0,-1,-1
255,8.5,1,0,0.0,-1,-1
256,8.5333,1,0,0.0,-1,-1
257,8.5667,1,0,0.0,-1,-1
258,8.6,1,0,0.0,-1,-1
259,8.6333,1,0,0.0,-1,-1
260,8.6667,1,0,0.0,-1,-1
261,8.7,1,0,0.0,-1,-1
262,8.7333,1,0,0.0,-1,-1
263,8.7667,1,0,0.0,-1,-1
264,8.8,1,0,0.0,-1,-1
265,8.8333,1,0,0.0,-1,-1
266,8.8667,1,0,0.0,-1,-1
267,8.9,1,0,0.0,-1,-1
268,8.9333,1,0,0.0,-1,-1
269,8.9667,1,0,0.0,-1,-1
270,9.0,1,0,0.0,-1,-1
271,9.0333,1,0,0.0,-1,-1
272,9.0667,1,0,0.0,-1,-1
273,9.1,1,0,0.0,-1,-1
274,9.1333,1,0,0.0,-1,-1
275,9.1667,1,0,0.0,-1,-1
276,9.2,1,0,0.0,-1,-1
277,9.2333,1,0,0.0,-1,-1
278,9.2667,1,0,0.0,-1,-1
279,9.3,1,0,0.0,-1,-1
280,9.3333,1,0,0.0,-1,-1
281,9.3667,1,0,0.0,-1,-1
282,9.4,1,0,0.0,-1,-1
283,9.4333,1,0,0.0,-1,-1
284,9.4667,1,0,0.0,-1,-1
285,9.5,1,0,0.0,-1,-1
286,9.5333,1,0,0.0,-1,-1
287,9.5667,1,0,0.0,-1,-1
288,9.6,1,0,0.0,-1,-1
289,9.6333,1,0,0.0,-1,-1
290,9.6667,1,0,0.0,-1,-1
291,9.7,1,0,0.0,-1,-1
292,9.7333,1,0,0.0,-1,-1
293,9.7667,1,0,0.0,-1,-1
294,9.8,1,0,0.0,-1,-1
295,9.8333,1,0,0.0,-1,-1
296,9.8667,1,0,0.0,-1,-1
297,9.9,1,0,0.0,-1,-1
298,9.9333,1,0,0.0,-1,-1
299,9.9667,1,0,0.0,-1,-1
300,10.0,1,0,0.0,-1,-1
301,10.0333,1,0,0.0,-1,-1
302,10.0667,1,0,0.0,-1,-1
303,10.1,1,0,0.0,-1,-1
304,10.1333,1,0,0.0,-1,-1
305,10.1667,1,0,0.0,-1,-1
306,10.2,1,0,0.0,-1,-1
307,10.2333,1,0,0.0,-1,-1
308,10.2667,1,0,0.0,-1,-1
309,10.3,1,0,0.0,-1,-1
310,10.3333,1,0,0.0,-1,-1
311,10.3667,1,0,0.0,-1,-1
312,10.4,1,0,0.0,-1,-1
313,10.4333,1,0,0.0,-1,-1
314,10.4667,1,0,0.0,-1,-1
315,10.5,1,0,0.0,-1,-1
316,10.5333,1,0,0.0,-1,-1
317,10.5667,1,0,0.0,-1,-1
318,10.6,1,0,0.0,-1,-1
319,10.6333,1,0,0.0,-1,-1
320,10.6667,1,0,0.0,-1,-1
321,10.7,1,0,0.0,-1,-1
322,10.7333,1,0,0.0,-1,-1
323,10.7667,1,0,0.0,-1,-1
324,10.8,1,0,0.0,-1,-1
325,10.8333,1,0,0.0,-1,-1
326,10.8667,1,0,0.0,-1,-1
327,10.9,1,0,0.0,-1,-1
328,10.9333,1,0,0.0,-1,-1
329,10.9667,1,0,0.0,-1,-1
330,11.0,1,0,0.0,-1,-1
331,11.0333,1,0,0.0,-1,-1
332,11.0667,1,0,0.0,-1,-1
333,11.1,1,0,0.0,-1,-1
334,11.1333,1,0,0.0,-1,-1
335,11.1667,1,0,0.0,-1,-1
336,11.2,1,0,0.0,-1,-1
337,11.2333,1,0,0.0,-1,-1
338,11.2667,1,0,0.0,-1,-1
339,11.3,1,0,0.0,-1,-1
340,11.3333,1,0,0.0,-1,-1
341,11.3667,1,0,0.0,-1,-1
342,11.4,1,0,0.0,-1,-1
343,11.4333,1,0,0.0,-1,-1
344,11.4667,1,0,0.0,-1,-1
345,11.5,1,0,0.0,-1,-1
346,11.5333,1,0,0.0,-1,-1
347,11.5667,1,0,0.0,-1,-1
348,11.6,0,0,0.0,-1,-1
349,11.6333,0,0,0.0,-1,-1
350,11.6667,0,0,0.0,-1,-1
351,11.7,0,0,0.0,-1,-1
352,11.7333,0,0,0.0,-1,-1
353,11.7667,0,0,0.0,-1,-1
354,11.8,0,0,0.0,-1,-1
355,11.8333,0,0,0.0,-1,-1
356,11.8667,0,0,0.0,-1,-1
357,11.9,0,0,0.0,-1,-1
358,11.9333,0,0,0.0,-1,-1
359,11.9667,1,0,0.0,-1,-1
360,12.0,1,0,0.0,-1,-1
361,12.0333,1,0,0.0,-1,-1
362,12.0667,1,0,0.0,-1,-1
363,12.1,1,0,0.0,-1,-1
364,12.1333,1,0,0.0,-1,-1
365,12.1667,1,0,0.0,-1,-1
366,12.2,1,0,0.0,-1,-1
367,12.2333,1,0,0.0,-1,-1
368,12.2667,1,0,0.0,-1,-1
369,12.3,1,0,0.0,-1,-1
370,12.3333,1,0,0.0,-1,-1
371,12.3667,1,0,0.0,-1,-1
372,12.4,1,0,0.0,-1,-1
373,12.4333,1,0,0.0,-1,-1
374,12.4667,1,0,0.0,-1,-1
375,12.5,1,0,0.0,-1,-1
376,12.5333,1,0,0.0,-1,-1
377,12.5667,1,0,0.0,-1,-1
378,12.6,1,0,0.0,-1,-1
379,12.6333,1,0,0.0,-1,-1
380,12.6667,1,0,0.0,-1,-1
381,12.7,1,0,0.0,-1,-1
382,12.7333,1,0,0.0,-1,-1
383,12.7667,1,0,0.0,-1,-1
384,12.8,1,0,0.0,-1,-1
385,12.8333,1,0,0.0,-1,-1
386,12.8667,1,0,0.0,-1,-1
387,12.9,1,0,0.0,-1,-1
388,12.9333,1,0,0.0,-1,-1
389,12.9667,1,0,0.0,-1,-1
390,13.0,1,0,0.0,-1,-1
391,13.0333,1,0,0.0,-1,-1
392,13.0667,1,0,0.0,-1,-1
393,13.1,1,0,0.0,-1,-1
394,13.1333,1,0,0.0,-1,-1
395,13.1667,1,0,0.0,-1,-1
396,13.2,1,0,0.0,-1,-1
397,13.2333,1,0,0.0,-1,-1
398,13.2667,1,0,0.0,-1,-1
399,13.3,1,0,0.0,-1,-1
400,13.3333,1,0,0.0,-1,-1
401,13.3667,1,0,0.0,-1,-1
402,13.4,1,0,0.0,-1,-1
403,13.4333,2,0,0.0,-1,-1
404,13.4667,2,1,3.8575,1,3
405,13.5,2,1,3.3391,1,3
406,13.5333,2,1,3.1191,1,3
407,13.5667,2,1,3.1677,1,3
408,13.6,2,1,3.5364,1,3
409,13.6333,2,1,3.5104,1,3
410,13.6667,2,1,3.7837,1,3
411,13.7,2,1,3.6181,1,3
412,13.7333,2,1,3.777,1,3
413,13.7667,2,1,3.3522,1,3
414,13.8,2,1,3.3612,1,3
415,13.8333,2,1,3.0661,1,3
416,13.8667,2,1,3.1652,1,3
417,13.9,2,1,3.0788,1,3
418,13.9333,2,1,2.9286,1,3
419,13.9667,2,1,2.9491,1,3
420,14.0,2,1,2.4966,1,3
421,14.0333,2,1,2.5105,1,3
422,14.0667,2,1,2.1793,1,3
423,14.1,2,1,2.334,1,3
424,14.1333,2,1,2.3158,1,3
425,14.1667,2,1,2.0232,1,3
426,14.2,2,1,2.0322,1,3
427,14.2333,2,1,1.7911,1,3
428,14.2667,2,1,1.7967,1,3
429,14.3,2,1,1.7993,1,3
430,14.3333,2,1,2.3485,1,3
431,14.3667,2,1,2.3935,1,3
432,14.4,2,1,2.4669,1,3
433,14.4333,2,1,2.5011,1,3
434,14.4667,2,1,1.4172,1,3
435,14.5,2,1,1.2601,1,3
436,14.5333,2,1,1.2023,1,3
437,14.5667,2,1,1.3665,1,3
438,14.6,2,1,1.1335,1,3
439,14.6333,2,1,2.0937,1,3
440,14.6667,2,1,2.073,1,3
441,14.7,2,1,2.1375,1,3
442,14.7333,2,1,2.1542,1,3
443,14.7667,2,1,1.5439,1,3
444,14.8,2,1,1.6016,1,3
445,14.8333,2,1,1.5023,1,3
446,14.8667,2,1,1.0973,1,3
447,14.9,2,1,1.0029,1,3
448,14.9333,2,1,1.4409,1,3
449,14.9667,2,1,0.7006,1,3
450,15.0,2,1,1.203,1,3
451,15.0333,2,1,1.4007,1,3
452,15.0667,2,1,-0.6102,1,3
453,15.1,2,1,-0.4288,1,3
454,15.1333,2,1,0.1019,1,3
455,15.1667,2,1,0.269,1,3
456,15.2,2,1,0.2934,1,3
457,15.2333,2,1,1.0945,1,3
458,15.2667,2,1,0.903,1,3
459,15.3,2,1,0.8759,1,3
460,15.3333,2,1,0.5235,1,3
461,15.3667,2,1,0.618,1,3
462,15.4,2,1,2.9288,1,3
463,15.4333,2,1,3.3629,1,3
464,15.4667,1,0,0.0,-1,-1
465,15.5,1,0,0.0,-1,-1
466,15.5333,1,0,0.0,-1,-1
467,15.5667,1,0,0.0,-1,-1
468,15.6,1,0,0.0,-1,-1
469,15.6333,1,0,0.0,-1,-1
470,15.6667,1,0,0.0,-1,-1
471,15.7,1,0,0.0,-1,-1
472,15.7333,1,0,0.0,-1,-1
473,15.7667,1,0,0.0,-1,-1
474,15.8,1,0,0.0,-1,-1
475,15.8333,1,0,0.0,-1,-1
476,15.8667,1,0,0.0,-1,-1
477,15.9,1,0,0.0,-1,-1
478,15.9333,1,0,0.0,-1,-1
479,15.9667,1,0,0.0,-1,-1
480,16.0,1,0,0.0,-1,-1
481,16.0333,1,0,0.0,-1,-1
482,16.0667,1,0,0.0,-1,-1
483,16.1,1,0,0.0,-1,-1
484,16.1333,1,0,0.0,-1,-1
485,16.1667,1,0,0.0,-1,-1
486,16.2,1,0,0.0,-1,-1
487,16.2333,1,0,0.0,-1,-1
488,16.2667,1,0,0.0,-1,-1
489,16.3,1,0,0.0,-1,-1
490,16.3333,1,0,0.0,-1,-1
491,16.3667,1,0,0.0,-1,-1
492,16.4,1,0,0.0,-1,-1
493,16.4333,1,0,0.0,-1,-1
494,16.4667,1,0,0.0,-1,-1
495,16.5,2,0,0.0,-1,-1
496,16.5333,2,1,0.6008,1,3
497,16.5667,2,1,0.6121,1,3
498,16.6,2,1,-0.1577,1,3
499,16.6333,2,1,0.1428,1,3
500,16.6667,2,1,-0.5451,1,3
501,16.7,2,1,-0.4125,1,3
502,16.7333,2,1,-0.273,1,3
503,16.7667,2,1,-0.0446,1,3
504,16.8,2,1,-0.1398,1,3
505,16.8333,2,1,0.2705,1,3
506,16.8667,2,1,0.3368,1,3
507,16.9,2,1,0.2006,1,3
508,16.9333,2,1,-0.6453,1,3
509,16.9667,2,1,-0.6417,1,3
510,17.0,2,1,0.0376,1,3
511,17.0333,2,1,-0.0155,1,3
512,17.0667,2,1,-0.9179,1,3
513,17.1,2,1,-0.0524,1,3
514,17.1333,2,1,0.015,1,3
515,17.1667,2,1,-0.5382,1,3
516,17.2,2,1,-0.3288,1,3
517,17.2333,2,1,0.5465,1,3
518,17.2667,2,1,0.5709,1,3
519,17.3,2,1,0.5885,1,3
520,17.3333,2,1,0.9211,1,3
521,17.3667,2,1,0.5859,1,3
522,17.4,2,1,0.6236,1,3
523,17.4333,2,1,0.7475,1,3
524,17.4667,2,1,0.1536,1,3
525,17.5,2,1,-0.0992,1,3
526,17.5333,2,1,0.1498,1,3
527,17.5667,2,1,0.0485,1,3
528,17.6,2,1,-0.9053,1,3
529,17.6333,3,1,-0.3669,1,3
530,17.6667,3,3,3.9702,3,5
531,17.7,3,3,5.0159,3,5
532,17.7333,3,3,4.8115,3,5
533,17.7667,3,3,5.1472,3,5
534,17.8,3,3,4.818,3,5
535,17.8333,3,3,5.1963,3,5
536,17.8667,3,3,4.8229,3,5
537,17.9,3,3,4.963,3,5
538,17.9333,3,3,5.039,3,5
539,17.9667,3,3,4.997,3,5
540,18.0,3,3,5.0991,3,5
541,18.0333,3,3,5.2833,3,5
542,18.0667,3,3,5.3231,3,5
543,18.1,3,3,5.2405,3,5
544,18.1333,3,3,5.0611,3,5
545,18.1667,1,0,0.0,-1,-1
546,18.2,1,0,0.0,-1,-1
547,18.2333,1,0,0.0,-1,-1
548,18.2667,1,0,0.0,-1,-1
549,18.3,1,0,0.0,-1,-1
550,18.3333,1,0,0.0,-1,-1
551,18.3667,1,0,0.0,-1,-1
552,18.4,1,0,0.0,-1,-1
553,18.4333,1,0,0.0,-1,-1
554,18.4667,1,0,0.0,-1,-1
555,18.5,1,0,0.0,-1,-1
556,18.5333,1,0,0.0,-1,-1
557,18.5667,1,0,0.0,-1,-1
558,18.6,1,0,0.0,-1,-1
559,18.6333,1,0,0.0,-1,-1
560,18.6667,1,0,0.0,-1,-1
561,18.7,1,0,0.0,-1,-1
562,18.7333,1,0,0.0,-1,-1
563,18.7667,1,0,0.0,-1,-1
564,18.8,1,0,0.0,-1,-1
565,18.8333,1,0,0.0,-1,-1
566,18.8667,1,0,0.0,-1,-1
567,18.9,1,0,0.0,-1,-1
568,18.9333,1,0,0.0,-1,-1
569,18.9667,1,0,0.0,-1,-1
570,19.0,1,0,0.0,-1,-1
571,19.0333,1,0,0.0,-1,-1
572,19.0667,1,0,0.0,-1,-1
573,19.1,1,0,0.0,-1,-1
574,19.1333,1,0,0.0,-1,-1
575,19.1667,1,0,0.0,-1,-1
576,19.2,1,0,0.0,-1,-1
577,19.2333,1,0,0.0,-1,-1
578,19.2667,1,0,0.0,-1,-1
579,19.3,1,0,0.0,-1,-1
580,19.3333,1,0,0.0,-1,-1
581,19.3667,1,0,0.0,-1,-1
582,19.4,1,0,0.0,-1,-1
583,19.4333,1,0,0.0,-1,-1
584,19.4667,1,0,0.0,-1,-1
585,19.5,1,0,0.0,-1,-1
586,19.5333,1,0,0.0,-1,-1
587,19.5667,1,0,0.0,-1,-1
588,19.6,1,0,0.0,-1,-1
589,19.6333,1,0,0.0,-1,-1
590,19.6667,1,0,0.0,-1,-1
591,19.7,1,0,0.0,-1,-1
592,19.7333,1,0,0.0,-1,-1
593,19.7667,1,0,0.0,-1,-1
594,19.8,1,0,0.0,-1,-1
595,19.8333,1,0,0.0,-1,-1
596,19.8667,1,0,0.0,-1,-1
597,19.9,1,0,0.0,-1,-1
598,19.9333,1,0,0.0,-1,-1
599,19.9667,1,0,0.0,-1,-1
600,20.0,1,0,0.0,-1,-1
601,20.0333,1,0,0.0,-1,-1
602,20.0667,1,0,0.0,-1,-1
603,20.1,1,0,0.0,-1,-1
604,20.1333,1,0,0.0,-1,-1
605,20.1667,1,0,0.0,-1,-1
606,20.2,1,0,0.0,-1,-1
607,20.2333,1,0,0.0,-1,-1
608,20.2667,1,0,0.0,-1,-1
609,20.3,1,0,0.0,-1,-1
610,20.3333,1,0,0.0,-1,-1
611,20.3667,1,0,0.0,-1,-1
612,20.4,1,0,0.0,-1,-1
613,20.4333,1,0,0.0,-1,-1
614,20.4667,1,0,0.0,-1,-1
615,20.5,1,0,0.0,-1,-1
616,20.5333,1,0,0.0,-1,-1
617,20.5667,1,0,0.0,-1,-1
618,20.6,1,0,0.0,-1,-1
619,20.6333,1,0,0.0,-1,-1
620,20.6667,1,0,0.0,-1,-1
621,20.7,1,0,0.0,-1,-1
622,20.7333,1,0,0.0,-1,-1
623,20.7667,1,0,0.0,-1,-1
624,20.8,1,0,0.0,-1,-1
625,20.8333,1,0,0.0,-1,-1
626,20.8667,1,0,0.0,-1,-1
627,20.9,1,0,0.0,-1,-1
628,20.9333,1,0,0.0,-1,-1
629,20.9667,1,0,0.0,-1,-1
630,21.0,1,0,0.0,-1,-1
631,21.0333,2,0,0.0,-1,-1
632,21.0667,2,1,-0.0941,1,6
633,21.1,2,1,0.0442,1,6
634,21.1333,2,1,0.2266,1,6
635,21.1667,2,1,0.7635,1,6
636,21.2,2,1,0.9077,1,6
637,21.2333,2,1,0.962,1,6
638,21.2667,2,1,1.0782,1,6
639,21.3,2,1,1.0997,1,6
640,21.3333,2,1,0.892,1,6
641,21.3667,2,1,0.723,1,6
