param,value,normal_flag,other_flag,gap
follow_min_s,2.0,0.5,0.2,-0.3
follow_min_s,3.0,0.5,0.2,-0.3
follow_min_s,4.0,0.5,0.2,-0.3
follow_min_s,6.0,0.5,0.2,-0.3
follow_min_s,8.0,0.5,0.2,-0.3
follow_max_d,2.0,0.5,0.2,-0.3
follow_max_d,3.0,0.5,0.2,-0.3
follow_max_d,4.0,0.5,0.2,-0.3
follow_cos,0.3,0.5,0.2,-0.3
follow_cos,0.5,0.5,0.2,-0.3
follow_cos,0.7,0.5,0.2,-0.3
hover_min_s,2.0,0.5,0.2,-0.3
hover_min_s,3.0,0.5,0.2,-0.3
hover_min_s,5.0,0.5,0.2,-0.3
hover_min_s,8.0,0.0,0.2,0.2
hover_max_d,1.0,0.0,0.2,0.2
hover_max_d,1.5,0.5,0.2,-0.3
hover_max_d,2.0,0.5,0.2,-0.3
corner_min_s,1.0,1.0,0.3,-0.7
corner_min_s,1.5,0.5,0.2,-0.3
corner_min_s,2.5,0.5,0.1,-0.4
corner_min_s,4.0,0.5,0.1,-0.4
corner_blocked_speed,0.2,0.5,0.1,-0.4
corner_blocked_speed,0.3,0.5,0.2,-0.3
corner_blocked_speed,0.5,0.5,0.2,-0.3
