clip_id,category,flag,no_interaction,behaviors,phase_sequence,ordered_progression,first_proposal_start_s,first_proposal_end_s,escalation_s,cut_s,cut_reason,isolated_frac,claim,video,storyboard
Assassination_v1,Assassination,0,1,,,0,,,,3.433,uniform tail trim (act category),0.0,no sustained buildup behavior detected,videos/Assassination/Assassination_v1_buildup.mp4,storyboards/Assassination/Assassination_v1_storyboard.jpg
Assassination_v2,Assassination,1,0,APPROACH ESCALATION,APPROACH > ESCALATION,1,3.6,5.567,5.567,4.567,before detected escalation,0.529,id6 APPROACHING id2 3.6-5.3s; burst at 5.6s,videos/Assassination/Assassination_v2_buildup.mp4,storyboards/Assassination/Assassination_v2_storyboard.jpg
Chain_Snatching_v1,Chain_Snatching,0,0,,,0,,,,4.967,uniform tail trim (act category),0.563,no sustained buildup behavior detected,videos/Chain_Snatching/Chain_Snatching_v1_buildup.mp4,storyboards/Chain_Snatching/Chain_Snatching_v1_storyboard.jpg
Chain_Snatching_v2,Chain_Snatching,0,0,,,0,,,,10.6,uniform tail trim (act category),0.557,no sustained buildup behavior detected,,
Harassment_v3,Harassment,0,0,,,0,,,,7.333,whole clip,0.136,no sustained buildup behavior detected,videos/Harassment/Harassment_v3_buildup.mp4,storyboards/Harassment/Harassment_v3_storyboard.jpg
Harassment_v5,Harassment,0,0,APPROACH,,0,,,,12.033,whole clip,0.352,id2 APPROACHING id1 3.7-5.4s,videos/Harassment/Harassment_v5_buildup.mp4,storyboards/Harassment/Harassment_v5_storyboard.jpg
Kidnapping_v28,Kidnapping,1,0,CORNER ESCALATION,CORNER > ESCALATION,1,2.233,3.833,3.867,2.867,before detected escalation,0.531,id4 BLOCKING id5's way out 2.2-3.8s; burst at 3.9s,videos/Kidnapping/Kidnapping_v28_buildup.mp4,storyboards/Kidnapping/Kidnapping_v28_storyboard.jpg
Kidnapping_v41,Kidnapping,0,0,APPROACH,,0,,,,8.967,uniform tail trim (act category),0.484,id3 APPROACHING id1 1.9-3.8s,videos/Kidnapping/Kidnapping_v41_buildup.mp4,storyboards/Kidnapping/Kidnapping_v41_storyboard.jpg
Normal_v1,Normal,0,0,,,0,,,,5.033,whole clip,0.656,no sustained buildup behavior detected,videos/Normal/Normal_v1_buildup.mp4,storyboards/Normal/Normal_v1_storyboard.jpg
Normal_v6,Normal,1,0,APPROACH HOVER,APPROACH > HOVER,1,6.2,12.667,,13.767,whole clip,0.315,id2 APPROACHING id6 6.2-7.4s; id2 HOVERING near id6 8.1-13.3s,videos/Normal/Normal_v6_buildup.mp4,storyboards/Normal/Normal_v6_storyboard.jpg
Stalking_v3,Stalking,0,0,,,0,,,,21.4,whole clip,0.268,no sustained buildup behavior detected,videos/Stalking/Stalking_v3_buildup.mp4,storyboards/Stalking/Stalking_v3_storyboard.jpg
Stalking_v9,Stalking,0,1,,,0,,,,13.067,whole clip,0.0,no sustained buildup behavior detected,,
