frame,time_s,d,closing,speed_i,speed_j,cos,block,state
36,1.2,0.861,,0.612,,,1,
37,1.2333,0.88,,0.606,,,1,
38,1.2667,0.885,,0.581,,,1,
39,1.3,0.894,,0.549,,,1,
40,1.3333,0.894,,0.53,,,1,
41,1.3667,0.902,,0.517,,,1,
42,1.4,0.906,,0.496,,,1,
43,1.4333,0.912,,0.483,,,1,
44,1.4667,0.93,,0.461,,,1,
45,1.5,0.946,,0.426,,,1,
46,1.5333,0.96,,0.401,,,1,
47,1.5667,0.966,,0.346,,,1,
48,1.6,0.973,,0.291,,,1,
49,1.6333,0.976,,0.234,,,1,
67,2.2333,0.247,,,0.253,,1,CORNER
68,2.2667,0.24,,,0.19,,1,CORNER
69,2.3,0.255,,,0.133,,1,CORNER
70,2.3333,0.273,,,0.09,,1,CORNER
71,2.3667,0.291,,,0.079,,1,CORNER
72,2.4,0.304,,,0.094,,1,CORNER
73,2.4333,0.318,,,0.118,,1,CORNER
74,2.4667,0.333,,,0.136,,1,CORNER
75,2.5,0.348,,,0.149,,1,CORNER
76,2.5333,0.363,,,0.165,,1,CORNER
77,2.5667,0.375,,,0.173,,1,CORNER
78,2.6,0.388,,,0.167,,1,CORNER
79,2.6333,0.402,,,0.167,,1,CORNER
80,2.6667,0.399,,,0.145,,1,CORNER
81,2.7,0.402,,,0.119,,1,CORNER
82,2.7333,0.405,-0.316,0.272,0.08,,1,CORNER
83,2.7667,0.407,-0.333,0.287,0.041,,1,CORNER
84,2.8,0.4,-0.291,0.271,0.009,,1,CORNER
85,2.8333,0.395,-0.244,0.251,0.064,,1,CORNER
86,2.8667,0.394,-0.206,0.221,0.118,,1,CORNER
87,2.9,0.388,-0.169,0.203,0.161,,1,CORNER
88,2.9333,0.386,-0.136,0.198,0.202,,1,CORNER
89,2.9667,0.382,-0.099,0.201,0.244,,1,CORNER
90,3.0,0.381,-0.065,0.193,0.27,,1,CORNER
91,3.0333,0.38,-0.033,0.187,0.3,,1,CORNER
92,3.0667,0.376,-0.003,0.167,0.309,,1,CORNER
93,3.1,0.366,0.045,0.141,0.321,,1,CORNER
94,3.1333,0.365,0.074,0.114,0.335,,1,CORNER
95,3.1667,0.361,0.076,0.087,0.343,,1,CORNER
96,3.2,0.352,0.1,0.069,0.369,,1,CORNER
97,3.2333,0.35,0.11,0.066,0.364,,1,CORNER
98,3.2667,0.35,0.114,0.069,0.362,,1,CORNER
99,3.3,0.351,0.099,0.087,0.338,,1,CORNER
100,3.3333,0.354,0.083,0.103,0.318,,1,CORNER
101,3.3667,0.355,0.078,0.117,0.307,,1,CORNER
102,3.4,0.354,0.07,0.126,0.294,,1,CORNER
103,3.4333,0.351,0.07,0.129,0.297,,1,CORNER
104,3.4667,0.35,0.066,0.132,0.294,,1,CORNER
105,3.5,0.349,0.065,0.14,0.295,,1,CORNER
106,3.5333,0.348,0.064,0.147,0.299,,1,CORNER
107,3.5667,0.356,0.042,0.142,0.314,,1,CORNER
108,3.6,0.366,-0.0,0.139,0.299,,1,CORNER
109,3.6333,0.369,-0.008,0.132,0.297,,1,CORNER
110,3.6667,0.372,-0.022,0.117,0.289,,1,CORNER
111,3.7,0.378,-0.052,0.097,0.261,,1,CORNER
112,3.7333,0.384,-0.067,0.081,0.26,,1,CORNER
113,3.7667,0.387,-0.074,0.077,0.269,,1,CORNER
114,3.8,0.388,-0.075,0.092,0.288,,1,CORNER
115,3.8333,0.389,-0.07,0.123,0.306,,1,
116,3.8667,0.39,-0.071,0.166,0.322,,1,
117,3.9,0.396,-0.085,0.218,0.34,,1,
118,3.9333,0.4,-0.099,0.266,0.354,0.819,1,
119,3.9667,0.401,-0.103,0.303,0.369,0.863,1,
120,4.0,0.402,-0.106,0.336,0.387,0.893,1,
121,4.0333,0.403,-0.109,0.362,0.393,0.914,1,
122,4.0667,0.403,-0.094,0.373,0.399,0.935,1,
123,4.1,0.404,-0.075,0.385,0.431,0.949,1,
124,4.1333,0.405,-0.072,0.399,0.454,0.952,1,
125,4.1667,0.408,-0.072,0.409,0.466,0.953,1,
126,4.2,0.41,-0.065,0.413,0.491,0.952,1,
127,4.2333,0.414,-0.061,0.404,0.501,0.949,1,
128,4.2667,0.422,-0.072,0.394,0.49,0.937,1,
129,4.3,0.432,-0.088,0.391,0.48,0.923,1,
130,4.3333,0.435,-0.092,0.384,0.478,0.92,1,
131,4.3667,0.433,-0.086,0.371,0.477,0.924,1,
132,4.4,0.429,-0.065,0.347,0.48,0.936,1,
133,4.4333,0.425,-0.049,0.324,0.468,0.946,1,
134,4.4667,0.425,-0.048,0.313,0.456,0.951,1,
135,4.5,0.425,-0.046,0.303,0.44,0.957,1,
136,4.5333,0.424,-0.043,0.297,0.435,0.964,1,
137,4.5667,0.422,-0.039,0.291,0.429,0.973,1,
138,4.6,0.418,-0.03,0.287,0.406,0.986,1,
139,4.6333,0.414,-0.02,0.288,0.379,0.996,1,
140,4.6667,0.411,-0.005,0.283,0.371,1.0,1,
141,4.7,0.407,0.006,0.277,0.362,0.999,1,
142,4.7333,0.404,0.02,0.279,0.362,0.993,1,
143,4.7667,0.399,0.048,0.267,0.37,0.98,1,
144,4.8,0.394,0.078,0.248,0.384,,0,
145,4.8333,0.397,0.076,0.231,0.37,,0,
146,4.8667,0.4,0.066,0.216,0.354,,0,
147,4.9,0.406,0.046,0.208,0.331,,0,
148,4.9333,0.412,0.026,0.197,0.313,,0,
149,4.9667,0.424,0.002,0.184,0.306,,0,
150,5.0,0.433,-0.017,0.17,0.307,,0,
151,5.0333,0.443,-0.037,0.157,0.305,,0,
152,5.0667,0.452,-0.059,0.146,0.31,,0,
153,5.1,0.463,-0.088,0.136,0.339,,0,
154,5.1333,0.472,-0.116,0.129,0.375,,0,
155,5.1667,0.477,-0.134,0.13,0.395,,0,
156,5.2,0.482,-0.148,0.137,0.407,,0,
157,5.2333,0.486,-0.163,0.147,0.424,,0,
158,5.2667,0.49,-0.183,0.155,0.444,,0,
159,5.3,0.495,-0.203,0.162,0.462,,0,
160,5.3333,0.5,-0.207,0.17,0.469,,0,
161,5.3667,0.508,-0.216,0.175,0.483,,0,
162,5.4,0.514,-0.216,0.177,0.482,,0,
163,5.4333,0.519,-0.214,0.171,0.478,,0,
164,5.4667,0.517,-0.186,0.164,0.444,,0,
165,5.5,0.516,-0.166,0.156,0.411,,0,
166,5.5333,0.519,-0.152,0.148,0.392,,0,
167,5.5667,0.52,-0.136,0.139,0.369,,0,
168,5.6,0.521,-0.117,0.128,0.337,,0,
169,5.6333,0.522,-0.099,0.116,0.304,,0,
170,5.6667,0.521,-0.088,0.104,0.277,,0,
171,5.7,0.523,-0.083,0.091,0.261,,0,
172,5.7333,0.526,-0.08,0.08,0.248,,0,
173,5.7667,0.527,-0.073,0.067,0.226,,0,
174,5.8,0.525,-0.061,0.057,0.202,,0,
175,5.8333,0.524,-0.048,0.045,0.176,,0,
176,5.8667,0.523,-0.029,0.04,0.147,,0,
177,5.9,0.523,-0.02,0.039,0.146,,0,
178,5.9333,0.521,-0.005,0.044,0.136,,0,
179,5.9667,0.521,-0.008,0.056,0.144,,0,
180,6.0,0.52,-0.009,0.078,0.159,,0,
181,6.0333,0.515,0.007,0.099,0.155,,0,
182,6.0667,0.51,0.019,0.124,0.16,,0,
183,6.1,0.507,0.028,0.149,0.175,,0,
184,6.1333,0.503,0.036,0.181,0.205,,0,
185,6.1667,0.504,0.034,0.212,0.232,,0,
186,6.2,0.501,0.045,0.245,0.272,,0,
187,6.2333,0.497,0.057,0.282,0.318,0.933,0,
188,6.2667,0.492,0.07,0.315,0.367,0.955,0,
189,6.3,0.487,0.077,0.355,0.413,0.961,0,
190,6.3333,0.482,0.084,0.389,0.459,0.969,0,
191,6.3667,0.478,0.089,0.423,0.496,0.967,0,
192,6.4,0.472,0.103,0.457,0.546,0.97,0,
193,6.4333,0.468,0.106,0.467,0.561,0.97,0,
194,6.4667,0.463,0.116,0.475,0.584,0.972,0,
195,6.5,0.459,0.122,0.477,0.587,0.967,0,
196,6.5333,0.456,0.117,0.481,0.575,0.958,0,
197,6.5667,0.447,0.126,0.464,0.557,0.948,1,
198,6.6,0.438,0.137,0.439,0.53,0.933,1,
199,6.6333,0.432,0.143,0.413,0.503,0.923,1,
200,6.6667,0.421,0.167,0.39,0.487,0.895,1,
201,6.7,0.413,0.175,0.374,0.449,0.854,0,
202,6.7333,0.405,0.184,0.368,0.412,0.806,0,
203,6.7667,0.402,0.179,0.375,0.363,0.762,0,
204,6.8,0.403,0.168,0.382,0.324,0.757,0,
205,6.8333,0.405,0.155,0.408,0.299,0.794,0,
206,6.8667,0.398,0.161,0.434,0.295,0.815,0,
227,7.5667,0.362,,0.313,,,0,
228,7.6,0.345,,0.27,,,0,
229,7.6333,0.339,,0.226,,,0,
230,7.6667,0.343,,0.206,,,0,
231,7.7,0.346,,0.194,,,0,
232,7.7333,0.346,,0.194,,,0,
233,7.7667,0.353,,0.211,,,0,
234,7.8,0.357,,0.238,,,0,
235,7.8333,0.357,,0.278,,,0,
236,7.8667,0.358,,0.305,,,0,
237,7.9,0.362,,0.328,,,0,
238,7.9333,0.365,,0.362,,,0,
239,7.9667,0.372,,0.369,,,0,
240,8.0,0.378,,0.397,,,0,
241,8.0333,0.381,,0.414,,,0,
242,8.0667,0.382,-0.04,0.433,0.32,1.0,0,
243,8.1,0.393,-0.095,0.435,0.332,0.989,0,
244,8.1333,0.404,-0.129,0.439,0.368,0.977,0,
245,8.1667,0.414,-0.142,0.442,0.382,0.971,0,
246,8.2,0.427,-0.161,0.448,0.393,0.958,0,
247,8.2333,0.441,-0.189,0.444,0.411,0.938,0,
248,8.2667,0.452,-0.198,0.444,0.428,0.931,0,
249,8.3,0.463,-0.213,0.444,0.444,0.92,0,
250,8.3333,0.473,-0.232,0.449,0.466,0.903,0,
251,8.3667,0.478,-0.239,0.464,0.483,0.895,0,
252,8.4,0.478,-0.232,0.479,0.507,0.898,0,
253,8.4333,0.477,-0.224,0.481,0.507,0.888,0,
254,8.4667,0.471,-0.198,0.5,0.506,0.911,0,
255,8.5,0.466,-0.175,0.519,0.52,0.924,0,
256,8.5333,0.461,-0.16,0.553,0.536,0.939,0,
257,8.5667,0.456,-0.147,0.581,0.529,0.954,0,
258,8.6,0.454,-0.123,0.601,0.522,0.974,0,
259,8.6333,0.454,-0.101,0.611,0.508,0.988,0,
260,8.6667,0.446,-0.064,0.617,0.507,0.998,0,
261,8.7,0.436,-0.02,0.612,0.508,1.0,0,
262,8.7333,0.428,0.025,0.617,0.514,0.991,0,
263,8.7667,0.42,0.063,0.614,0.52,0.974,0,
264,8.8,0.415,0.096,0.62,0.529,0.947,0,
265,8.8333,0.414,0.118,0.622,0.53,0.92,0,
266,8.8667,0.418,0.12,0.61,0.519,0.905,0,
267,8.9,0.419,0.118,0.602,0.506,0.883,1,
268,8.9333,0.423,0.109,0.601,0.497,0.866,1,
269,8.9667,0.427,0.089,0.593,0.481,0.857,1,
270,9.0,0.431,0.069,0.57,0.457,0.841,1,
271,9.0333,0.433,0.056,0.535,0.43,0.834,1,
272,9.0667,0.434,0.044,0.5,0.403,0.833,1,
273,9.1,0.429,0.05,0.462,0.387,0.824,1,
274,9.1333,0.421,0.067,0.429,0.379,0.816,1,
275,9.1667,0.416,0.06,0.405,0.358,0.812,1,
276,9.2,0.408,0.058,0.383,0.343,0.796,1,
277,9.2333,0.396,0.064,0.35,0.333,0.799,1,
278,9.2667,0.385,0.07,0.321,0.318,0.804,1,
279,9.3,0.373,0.085,0.29,0.318,0.844,1,
280,9.3333,0.359,0.11,0.267,0.331,0.91,1,
281,9.3667,0.345,0.145,0.268,0.365,0.931,1,
