frame,time_s,id_i,id_j,d,v,b,score
1,0.0333,1,2,3.0642,1.9189,0,2.2452
2,0.0667,1,2,2.9338,3.9106,0,4.2515
3,0.1,1,2,2.9053,2.3834,0,2.7276
4,0.1333,1,2,2.6665,3.9767,0,4.3517
5,0.1667,1,2,2.7294,2.5106,0,2.877
6,0.2,1,2,2.6845,2.2781,0,2.6506
6,0.2,1,3,3.2952,6.9268,0,7.2302
6,0.2,2,3,1.5812,5.393,1,7.0254
7,0.2333,1,2,2.6713,1.5754,0,1.9497
7,0.2333,1,3,3.2325,1.8801,0,2.1894
7,0.2333,2,3,1.5365,1.3426,1,2.9934
8,0.2667,1,2,2.6133,1.752,0,2.1347
9,0.3,1,2,2.6073,0.3556,0,0.7392
10,0.3333,1,2,2.5218,1.2461,0,1.6426
11,0.3667,1,2,2.5111,1.0405,0,1.4387
11,0.3667,1,3,3.0738,1.3281,0,1.6534
11,0.3667,2,3,1.2996,1.6896,1,3.459
12,0.4,1,2,2.4818,1.1366,0,1.5395
12,0.4,1,3,3.0863,0.8773,0,1.2013
12,0.4,2,3,1.2517,1.7086,1,3.5075
13,0.4333,1,2,2.4689,0.8661,0,1.2711
13,0.4333,1,3,3.0691,0.0702,0,0.396
13,0.4333,2,3,1.2398,0.897,1,2.7036
14,0.4667,1,2,2.4221,1.1111,0,1.524
14,0.4667,1,3,3.0302,0.4359,0,0.766
14,0.4667,2,3,1.1711,1.2856,1,3.1395
15,0.5,1,2,2.4131,0.6522,0,1.0667
15,0.5,1,3,3.0298,0.3301,0,0.6602
15,0.5,2,3,1.1635,1.0213,1,2.8808
16,0.5333,1,2,2.3825,0.7716,0,1.1913
16,0.5333,1,3,2.9624,0.6683,0,1.0058
16,0.5333,2,3,1.0616,1.4281,1,3.3701
17,0.5667,1,2,2.3756,0.6375,0,1.0584
17,0.5667,1,3,2.9628,0.7411,0,1.0786
17,0.5667,2,3,1.055,1.1801,1,3.128
18,0.6,1,2,2.2834,1.1131,0,1.551
18,0.6,1,3,2.9971,0.4322,0,0.7659
18,0.6,2,3,1.0661,1.0426,1,2.9806
19,0.6333,1,2,2.2892,0.7975,0,1.2343
19,0.6333,1,3,3.0002,0.1802,0,0.5136
19,0.6333,2,3,1.0609,0.6609,1,2.6035
20,0.6667,1,2,2.2988,0.6858,0,1.1208
20,0.6667,1,3,2.9792,0.3036,0,0.6392
20,0.6667,2,3,1.0195,0.8638,1,2.8447
21,0.7,1,2,2.3017,0.4849,0,0.9194
21,0.7,1,3,2.9724,-0.0599,0,0.2765
21,0.7,2,3,1.0162,0.2727,1,2.2567
22,0.7333,1,2,2.2986,0.4622,0,0.8973
22,0.7333,1,3,2.9015,0.3675,0,0.7122
22,0.7333,2,3,0.9193,0.8141,1,2.9019
23,0.7667,1,2,2.3024,-0.1138,0,0.3205
23,0.7667,1,3,2.8978,0.5958,0,0.9409
23,0.7667,2,3,0.9203,0.8745,1,2.961
24,0.8,1,2,2.2865,0.016,0,0.4533
24,0.8,1,3,2.8809,0.7159,0,1.063
24,0.8,2,3,0.8931,1.0069,1,3.1266
25,0.8333,1,2,2.2817,0.1024,0,0.5407
25,0.8333,1,3,2.8912,0.5282,0,0.8741
25,0.8333,2,3,0.895,0.7467,1,2.8639
26,0.8667,1,2,2.276,0.1541,0,0.5935
26,0.8667,1,3,2.894,0.4709,0,0.8164
26,0.8667,2,3,0.8532,0.9778,1,3.1499
27,0.9,1,2,2.2743,0.1457,0,0.5854
27,0.9,1,3,2.8984,0.0186,0,0.3636
27,0.9,2,3,0.8538,0.3932,1,2.5644
28,0.9333,1,2,2.2744,0.1683,0,0.6079
28,0.9333,1,3,3.1999,-1.8123,0,-1.4998
28,0.9333,2,3,0.7821,0.8295,1,3.1082
29,0.9667,1,2,2.2716,0.0894,0,0.5296
29,0.9667,1,3,3.4462,-3.3922,0,-3.102
29,0.9667,2,3,0.8475,0.2735,1,2.4534
30,1.0,1,2,2.3122,-0.1828,0,0.2497
30,1.0,1,3,3.6598,-4.6116,0,-4.3384
30,1.0,2,3,0.8403,0.3285,1,2.5185
31,1.0333,1,2,2.3501,-0.4446,0,-0.0191
31,1.0333,1,3,3.6933,-4.7963,0,-4.5255
31,1.0333,2,3,0.8395,0.0822,1,2.2734
32,1.0667,1,2,2.3351,-0.3649,0,0.0633
32,1.0667,1,3,3.5738,-4.0521,0,-3.7723
32,1.0667,2,3,0.7238,0.7803,1,3.1619
33,1.1,1,2,2.3494,-0.4503,0,-0.0246
33,1.1,1,3,3.5585,-2.152,0,-1.871
33,1.1,2,3,0.7223,0.3583,1,2.7427
34,1.1333,1,2,2.2942,-0.1356,0,0.3002
34,1.1333,1,3,3.4464,-0.0008,0,0.2894
34,1.1333,2,3,0.6325,1.2898,1,3.8707
35,1.1667,1,2,2.2828,0.176,0,0.614
35,1.1667,1,3,3.4336,1.3569,0,1.6481
35,1.1667,2,3,0.6263,1.2843,1,3.881
36,1.2,1,2,2.2817,0.4107,0,0.8489
36,1.2,1,3,3.3977,1.7737,0,2.0681
36,1.2,2,3,0.5838,1.5343,1,4.2473
37,1.2333,1,2,2.2821,0.3181,0,0.7563
37,1.2333,1,3,3.3894,1.1062,0,1.4013
37,1.2333,2,3,0.5806,0.859,1,3.5813
38,1.2667,1,2,2.3465,0.0173,0,0.4435
38,1.2667,1,3,3.4304,0.769,0,1.0605
38,1.2667,2,3,0.5885,0.8029,1,3.5021
39,1.3,1,2,2.3756,-0.4884,0,-0.0674
39,1.3,1,3,3.4301,0.0973,0,0.3888
39,1.3,2,3,0.5922,0.2422,1,2.9309
40,1.3333,1,2,2.343,-0.3613,0,0.0655
41,1.3667,1,2,2.3287,-0.2823,0,0.1471
42,1.4,1,2,2.3116,-0.1769,0,0.2557
43,1.4333,1,2,2.3063,0.2413,0,0.6749
44,1.4667,1,2,2.3828,-0.0431,0,0.3766
45,1.5,1,2,2.3436,-0.0032,0,0.4235
46,1.5333,1,2,2.3309,-0.0131,0,0.416
47,1.5667,1,2,2.396,-0.5068,0,-0.0895
48,1.6,1,2,2.3655,-0.3554,0,0.0673
49,1.6333,1,2,2.3545,0.1695,0,0.5942
50,1.6667,1,2,2.3341,0.0568,0,0.4852
51,1.7,1,2,2.3305,0.0023,0,0.4314
52,1.7333,1,2,2.4029,-0.0413,0,0.3748
53,1.7667,1,2,2.4218,-0.3375,0,0.0754
53,1.7667,1,3,3.2553,0.1974,0,0.5046
53,1.7667,2,3,0.5382,-0.0996,0,1.7586
54,1.8,1,2,2.4014,-0.2812,0,0.1352
55,1.8333,1,2,2.4232,-0.5346,0,-0.1219
56,1.8667,1,2,2.3364,-0.0352,0,0.3928
57,1.9,1,2,2.312,0.5453,0,0.9778
58,1.9333,1,2,2.2782,0.8613,0,1.3002
59,1.9667,1,2,2.26,0.8481,0,1.2906
60,2.0,1,2,2.2981,0.7504,0,1.1855
61,2.0333,1,2,2.2305,0.6351,0,1.0835
62,2.0667,1,2,2.2129,0.5946,0,1.0464
63,2.1,1,2,2.2172,0.3661,0,0.8171
63,2.1,1,3,3.2446,1.6358,0,1.944
63,2.1,2,3,0.697,1.4383,0,2.8729
64,2.1333,1,2,2.2132,0.2809,0,0.7328
64,2.1333,1,3,3.1255,3.57,0,3.89
64,2.1333,2,3,0.6616,1.0633,0,2.5748
65,2.1667,1,2,2.2099,0.5295,0,0.982
65,2.1667,1,3,3.0993,2.1782,0,2.5009
65,2.1667,2,3,0.6574,0.5948,0,2.1159
66,2.2,1,2,2.2122,0.1098,0,0.5619
67,2.2333,1,2,2.2173,-0.0263,0,0.4247
68,2.2667,1,2,2.2158,0.0083,0,0.4596
69,2.3,1,2,2.2165,-0.0197,0,0.4314
70,2.3333,1,2,2.2295,-0.1177,0,0.3308
71,2.3667,1,2,2.2364,-0.1454,0,0.3017
72,2.4,1,2,2.2492,-0.1915,0,0.2531
73,2.4333,1,2,2.2342,-0.1103,0,0.3372
74,2.4667,1,2,2.2314,-0.0893,0,0.3589
75,2.5,1,2,2.2302,-0.0042,0,0.4442
76,2.5333,1,2,2.2697,-0.1996,0,0.241
77,2.5667,1,2,2.2424,0.0409,0,0.4868
78,2.6,1,2,2.2572,-0.1381,0,0.3049
79,2.6333,1,2,2.2628,-0.1884,0,0.2535
80,2.6667,1,2,2.2681,-0.2275,0,0.2134
81,2.7,1,2,2.2713,-0.0094,0,0.4309
82,2.7333,1,2,2.275,-0.1952,0,0.2443
83,2.7667,1,2,2.2668,-0.0576,0,0.3835
84,2.8,1,2,2.2611,0.0101,0,0.4524
85,2.8333,1,2,2.2532,0.0893,0,0.5331
86,2.8667,1,2,2.256,0.0914,0,0.5346
86,2.8667,1,4,3.552,0.0726,0,0.3541
86,2.8667,2,4,2.092,0.0041,0,0.4821
87,2.9,1,2,2.3121,-0.2227,0,0.2098
88,2.9333,1,2,2.316,-0.2947,0,0.137
89,2.9667,1,2,2.3043,-0.2596,0,0.1744
90,3.0,1,2,2.2971,-0.2634,0,0.1719
91,3.0333,1,2,2.3044,-0.29,0,0.1439
92,3.0667,1,2,2.3007,0.0686,0,0.5033
93,3.1,1,2,2.25,0.396,0,0.8405
94,3.1333,1,2,2.2166,0.5264,0,0.9776
95,3.1667,1,2,2.2208,0.4582,0,0.9085
96,3.2,1,2,2.225,0.4759,0,0.9254
97,3.2333,1,2,2.2152,0.5126,0,0.964
98,3.2667,1,2,2.2094,0.2431,0,0.6957
99,3.3,1,2,2.2038,0.0767,0,0.5305
100,3.3333,1,2,2.2005,0.1218,0,0.5762
101,3.3667,1,2,2.213,0.0724,0,0.5242
102,3.4,1,2,2.229,-0.0825,0,0.3661
103,3.4333,1,2,2.2148,-0.0321,0,0.4194
104,3.4667,1,2,2.2077,-0.0232,0,0.4298
105,3.5,1,2,2.2177,-0.1031,0,0.3478
105,3.5,1,5,3.2267,-0.3252,0,-0.0153
105,3.5,2,5,1.4795,0.326,0,1.0019
106,3.5333,1,2,2.2191,-0.0365,0,0.4141
106,3.5333,1,5,3.2293,-0.0785,0,0.2311
106,3.5333,2,5,1.4773,0.0638,0,0.7407
107,3.5667,1,2,2.1792,0.2989,0,0.7578
108,3.6,1,2,2.168,0.2807,0,0.7419
109,3.6333,1,2,2.1772,0.1828,0,0.6421
110,3.6667,1,2,2.1774,0.2416,0,0.7008
111,3.7,1,2,2.1994,0.1178,0,0.5725
112,3.7333,1,2,2.2002,-0.1263,0,0.3282
113,3.7667,1,2,2.5497,-2.2902,0,-1.898
114,3.8,1,2,2.6787,-3.0086,0,-2.6353
115,3.8333,1,2,2.919,-4.4496,0,-4.107
116,3.8667,1,2,2.9498,-4.5024,0,-4.1634
117,3.9,1,2,3.2021,-6.0111,0,-5.6988
118,3.9333,1,2,3.262,-4.2735,0,-3.9669
119,3.9667,1,2,3.4142,-4.4134,0,-4.1205
120,4.0,1,2,3.3922,-2.8391,0,-2.5443
121,4.0333,1,2,3.4417,-2.9509,0,-2.6604
122,4.0667,1,2,3.4117,-1.2581,0,-0.965
123,4.1,1,2,3.4716,-1.2581,0,-0.97
124,4.1333,1,2,3.4559,-0.2501,0,0.0393
125,4.1667,1,2,3.5217,-0.7775,0,-0.4935
126,4.2,1,2,3.5208,-0.4746,0,-0.1905
127,4.2333,1,2,3.5148,-0.6182,0,-0.3336
128,4.2667,1,2,3.4709,0.0046,0,0.2927
129,4.3,1,2,3.4495,0.0382,0,0.3281
130,4.3333,1,2,3.444,0.4666,0,0.757
131,4.3667,1,2,3.4798,0.2455,0,0.5328
132,4.4,1,2,3.4763,0.2306,0,0.5183
133,4.4333,1,2,3.4843,-0.0805,0,0.2065
134,4.4667,1,2,3.493,-0.2605,0,0.0257
135,4.5,1,2,3.5096,-0.394,0,-0.1091
136,4.5333,1,2,3.5141,-0.2059,0,0.0787
137,4.5667,1,2,3.4905,-0.0851,0,0.2014
138,4.6,1,2,3.4915,-0.043,0,0.2434
139,4.6333,1,2,3.4762,0.1008,0,0.3885
140,4.6667,1,2,3.4719,0.2262,0,0.5142
141,4.7,1,2,3.4086,0.6331,0,0.9265
142,4.7333,1,2,3.4103,0.4811,0,0.7743
143,4.7667,1,2,3.4877,0.0228,0,0.3095
144,4.8,1,2,3.5206,-0.2668,0,0.0173
145,4.8333,1,2,3.5793,-0.6443,0,-0.3649
146,4.8667,1,2,3.6121,-1.2209,0,-0.9441
147,4.9,1,2,3.7244,-1.8842,0,-1.6157
148,4.9333,1,2,3.7924,-1.8286,0,-1.5649
149,4.9667,1,2,3.9431,-2.5348,0,-2.2812
150,5.0,1,2,3.9879,-2.4512,0,-2.2004
